<?xml version="1.0" encoding="UTF-8" standalone="no"?>
<jcr:root fileName="_cq_dialog.xml" xmlns:jcr="http://www.jcp.org/jcr/1.0" jcr:primaryType="nt:unstructured" jcr:title="Menu Block" mode="edit" xmlns:sling="http://sling.apache.org/jcr/sling/1.0" sling:resourceType="cq/gui/components/authoring/dialog">
  <content jcr:primaryType="nt:unstructured" sling:resourceType="granite/ui/components/foundation/container">
    <layout jcr:primaryType="nt:unstructured" sling:resourceType="granite/ui/components/foundation/layouts/tabs"/>
    <items jcr:primaryType="nt:unstructured">
      <MenuBlock xmlns:cq="http://www.day.com/jcr/cq/1.0" cq:hideOnEdit="{Boolean}false" cq:showOnCreate="{Boolean}true" jcr:primaryType="nt:unstructured" jcr:title="Menu Block" sling:resourceType="granite/ui/components/foundation/section">
        <layout jcr:primaryType="nt:unstructured" sling:resourceType="granite/ui/components/foundation/layouts/fixedcolumns"/>
        <items jcr:primaryType="nt:unstructured">
          <column jcr:primaryType="nt:unstructured" sling:resourceType="granite/ui/components/foundation/container">
            <items jcr:primaryType="nt:unstructured">
              <menuBlockFields allowReorder="{Boolean}true" baseName="item_" cq:hideOnEdit="{Boolean}false" cq:showOnCreate="{Boolean}true" disabled="{Boolean}false" fieldLabel="Menu Block Fields" jcr:primaryType="nt:unstructured" limit="0" matchBaseName="{Boolean}false" name="./menuBlockFields" renderReadOnly="{Boolean}true" required="{Boolean}false" sling:resourceType="multicomposite/granite/multicomposite">
                <fields jcr:primaryType="nt:unstructured">
                  <linkText cq:hideOnEdit="{Boolean}false" cq:showOnCreate="{Boolean}true" disabled="{Boolean}false" fieldLabel="Link Text" jcr:primaryType="nt:unstructured" name="linkText" renderReadOnly="{Boolean}true" required="{Boolean}false" sling:resourceType="granite/ui/components/foundation/form/textfield"/>
                  <urlPath cq:hideOnEdit="{Boolean}false" cq:showOnCreate="{Boolean}true" disabled="{Boolean}false" fieldLabel="URL path" jcr:primaryType="nt:unstructured" name="urlPath" renderReadOnly="{Boolean}true" required="{Boolean}false" rootPath="/content/clientname" sling:resourceType="granite/ui/components/foundation/form/pathbrowser"/>
                  <openLinkIn cq:hideOnEdit="{Boolean}false" cq:showOnCreate="{Boolean}true" disabled="{Boolean}false" fieldLabel="Open Link In" jcr:primaryType="nt:unstructured" multiple="{Boolean}false" name="openLinkIn" renderReadOnly="{Boolean}true" required="{Boolean}false" sling:resourceType="granite/ui/components/foundation/form/select">
                    <items jcr:primaryType="nt:unstructured">
                      <option0 jcr:primaryType="nt:unstructured" selected="{Boolean}true" text="Same Window" value="samewindow"/>
                      <option1 jcr:primaryType="nt:unstructured" selected="{Boolean}false" text="New Window" value="newwindow"/>
                    </items>
                  </openLinkIn>
                </fields>
              </menuBlockFields>
            </items>
          </column>
        </items>
      </MenuBlock>
      <DropdownBlock xmlns:cq="http://www.day.com/jcr/cq/1.0" cq:hideOnEdit="{Boolean}false" cq:showOnCreate="{Boolean}true" jcr:primaryType="nt:unstructured" jcr:title="Dropdown Block" sling:resourceType="granite/ui/components/foundation/section">
        <layout jcr:primaryType="nt:unstructured" sling:resourceType="granite/ui/components/foundation/layouts/fixedcolumns"/>
        <items jcr:primaryType="nt:unstructured">
          <column jcr:primaryType="nt:unstructured" sling:resourceType="granite/ui/components/foundation/container">
            <items jcr:primaryType="nt:unstructured">
              <dropdownFields allowReorder="{Boolean}true" baseName="item_" cq:hideOnEdit="{Boolean}false" cq:showOnCreate="{Boolean}true" disabled="{Boolean}false" fieldLabel="Dropdown Fields" jcr:primaryType="nt:unstructured" limit="0" matchBaseName="{Boolean}false" name="./dropdownFields" renderReadOnly="{Boolean}true" required="{Boolean}false" sling:resourceType="multicomposite/granite/multicomposite">
                <fields jcr:primaryType="nt:unstructured">
                  <dropdownUrl cq:hideOnEdit="{Boolean}false" cq:showOnCreate="{Boolean}true" disabled="{Boolean}false" fieldLabel="Dropdown URL" jcr:primaryType="nt:unstructured" name="dropdownUrl" renderReadOnly="{Boolean}true" required="{Boolean}false" rootPath="/content/clientname" sling:resourceType="granite/ui/components/foundation/form/pathbrowser"/>
                  <dropdownLinkText cq:hideOnEdit="{Boolean}false" cq:showOnCreate="{Boolean}true" disabled="{Boolean}false" fieldLabel="Dropdown Link Text" jcr:primaryType="nt:unstructured" name="dropdownLinkText" renderReadOnly="{Boolean}true" required="{Boolean}false" sling:resourceType="granite/ui/components/foundation/form/textfield"/>
                  <openLinkIn cq:hideOnEdit="{Boolean}false" cq:showOnCreate="{Boolean}true" disabled="{Boolean}false" fieldLabel="Open Link In" jcr:primaryType="nt:unstructured" multiple="{Boolean}false" name="openLinkIn" renderReadOnly="{Boolean}true" required="{Boolean}false" sling:resourceType="granite/ui/components/foundation/form/select">
                    <items jcr:primaryType="nt:unstructured">
                      <option0 jcr:primaryType="nt:unstructured" selected="{Boolean}true" text="Same Window" value="samewindow"/>
                      <option1 jcr:primaryType="nt:unstructured" selected="{Boolean}false" text="New Window" value="newwindow"/>
                    </items>
                  </openLinkIn>
                </fields>
              </dropdownFields>
            </items>
          </column>
        </items>
      </DropdownBlock>
    </items>
  </content>
</jcr:root>
