<?xml version="1.0" encoding="UTF-8" standalone="no"?>
<jcr:root activeTab="0" allowBlank="{Boolean}false" disabled="{Boolean}false" fileName="dialog.xml" hideLabel="{Boolean}false" xmlns:jcr="http://www.jcp.org/jcr/1.0" jcr:primaryType="cq:Dialog" title="Menu Block" xtype="dialog">
  <items jcr:primaryType="cq:WidgetCollection">
    <tabs jcr:primaryType="cq:TabPanel">
      <items jcr:primaryType="cq:WidgetCollection">
        <MenuBlock jcr:primaryType="cq:Widget" title="Menu Block">
          <items jcr:primaryType="cq:WidgetCollection">
            <menuBlockFields allowBlank="{Boolean}true" baseName="item_" disabled="{Boolean}false" fieldLabel="Menu Block Fields" hideLabel="{Boolean}false" jcr:primaryType="cq:Widget" matchBaseName="{Boolean}false" name="./menuBlockFields" prefix="./" xtype="multicompositefield">
              <fieldConfigs jcr:primaryType="cq:WidgetCollection">
                <linkText allowBlank="{Boolean}true" disabled="{Boolean}false" fieldLabel="Link Text" hideLabel="{Boolean}false" jcr:primaryType="cq:Widget" name="linkText" xtype="textfield"/>
                <urlPath allowBlank="{Boolean}true" disabled="{Boolean}false" escapeAmp="{Boolean}false" fieldLabel="URL path" hideLabel="{Boolean}false" hideTrigger="{Boolean}false" jcr:primaryType="cq:Widget" name="urlPath" parBrowse="{Boolean}false" rootPath="/content/clientname" rootTitle="Websites" showTitleInTree="{Boolean}true" xtype="pathfield"/>
                <openLinkIn allowBlank="{Boolean}true" disabled="{Boolean}false" fieldLabel="Open Link In" hideLabel="{Boolean}false" jcr:primaryType="cq:Widget" name="openLinkIn" type="select" xtype="selection">
                  <options jcr:primaryType="cq:WidgetCollection">
                    <option0 jcr:primaryType="nt:unstructured" text="Same Window" value="samewindow"/>
                    <option1 jcr:primaryType="nt:unstructured" text="New Window" value="newwindow"/>
                  </options>
                </openLinkIn>
              </fieldConfigs>
            </menuBlockFields>
          </items>
        </MenuBlock>
        <DropdownBlock jcr:primaryType="cq:Widget" title="Dropdown Block">
          <items jcr:primaryType="cq:WidgetCollection">
            <dropdownFields allowBlank="{Boolean}true" baseName="item_" disabled="{Boolean}false" fieldLabel="Dropdown Fields" hideLabel="{Boolean}false" jcr:primaryType="cq:Widget" matchBaseName="{Boolean}false" name="./dropdownFields" prefix="./" xtype="multicompositefield">
              <fieldConfigs jcr:primaryType="cq:WidgetCollection">
                <dropdownUrl allowBlank="{Boolean}true" disabled="{Boolean}false" escapeAmp="{Boolean}false" fieldLabel="Dropdown URL" hideLabel="{Boolean}false" hideTrigger="{Boolean}false" jcr:primaryType="cq:Widget" name="dropdownUrl" parBrowse="{Boolean}false" rootPath="/content/clientname" rootTitle="Websites" showTitleInTree="{Boolean}true" xtype="pathfield"/>
                <dropdownLinkText allowBlank="{Boolean}true" disabled="{Boolean}false" fieldLabel="Dropdown Link Text" hideLabel="{Boolean}false" jcr:primaryType="cq:Widget" name="dropdownLinkText" xtype="textfield"/>
                <openLinkIn allowBlank="{Boolean}true" disabled="{Boolean}false" fieldLabel="Open Link In" hideLabel="{Boolean}false" jcr:primaryType="cq:Widget" name="openLinkIn" type="select" xtype="selection">
                  <options jcr:primaryType="cq:WidgetCollection">
                    <option0 jcr:primaryType="nt:unstructured" text="Same Window" value="samewindow"/>
                    <option1 jcr:primaryType="nt:unstructured" text="New Window" value="newwindow"/>
                  </options>
                </openLinkIn>
              </fieldConfigs>
            </dropdownFields>
          </items>
        </DropdownBlock>
      </items>
    </tabs>
  </items>
</jcr:root>
