<?xml version="1.0" encoding="UTF-8" standalone="no"?>
<jcr:root activeTab="0" allowBlank="{Boolean}false" disabled="{Boolean}false" fileName="dialog.xml" hideLabel="{Boolean}false" xmlns:jcr="http://www.jcp.org/jcr/1.0" jcr:primaryType="cq:Dialog" title="groovytest" xtype="dialog">
  <items jcr:primaryType="cq:WidgetCollection">
    <tabs jcr:primaryType="cq:TabPanel">
      <items jcr:primaryType="cq:WidgetCollection">
        <groovytest jcr:primaryType="cq:Widget" title="groovytest">
          <items jcr:primaryType="cq:WidgetCollection">
            <imagePath allowBlank="{Boolean}true" disabled="{Boolean}false" escapeAmp="{Boolean}false" hideLabel="{Boolean}false" hideTrigger="{Boolean}false" jcr:primaryType="cq:Widget" name="./imagePath" parBrowse="{Boolean}false" rootPath="/" rootTitle="Websites" showTitleInTree="{Boolean}true" xtype="pathfield"/>
          </items>
        </groovytest>
      </items>
    </tabs>
  </items>
</jcr:root>
