<?xml version="1.0" encoding="UTF-8" standalone="no"?>
<jcr:root fileName="_cq_dialog.xml" xmlns:jcr="http://www.jcp.org/jcr/1.0" jcr:primaryType="nt:unstructured" jcr:title="hello" mode="edit" xmlns:sling="http://sling.apache.org/jcr/sling/1.0" sling:resourceType="cq/gui/components/authoring/dialog">
  <content jcr:primaryType="nt:unstructured" sling:resourceType="granite/ui/components/foundation/container">
    <layout jcr:primaryType="nt:unstructured" sling:resourceType="granite/ui/components/foundation/layouts/tabs"/>
    <items jcr:primaryType="nt:unstructured">
      <hello xmlns:cq="http://www.day.com/jcr/cq/1.0" cq:hideOnEdit="{Boolean}false" cq:showOnCreate="{Boolean}false" jcr:primaryType="nt:unstructured" jcr:title="hello" sling:resourceType="granite/ui/components/foundation/section">
        <layout jcr:primaryType="nt:unstructured" sling:resourceType="granite/ui/components/foundation/layouts/fixedcolumns"/>
        <items jcr:primaryType="nt:unstructured">
          <column jcr:primaryType="nt:unstructured" sling:resourceType="granite/ui/components/foundation/container">
            <items jcr:primaryType="nt:unstructured">
              <text cq:hideOnEdit="{Boolean}false" cq:showOnCreate="{Boolean}true" disabled="{Boolean}false" jcr:primaryType="nt:unstructured" name="./text" renderReadOnly="{Boolean}true" required="{Boolean}false" sling:resourceType="granite/ui/components/foundation/form/textfield"/>
            </items>
          </column>
        </items>
      </hello>
    </items>
  </content>
</jcr:root>
