<?xml version="1.0" encoding="UTF-8" standalone="no"?>
<jcr:root activeTab="0" allowBlank="{Boolean}false" disabled="{Boolean}false" fileName="dialog.xml" hideLabel="{Boolean}false" xmlns:jcr="http://www.jcp.org/jcr/1.0" jcr:primaryType="cq:Dialog" title="hello" xtype="dialog">
  <items jcr:primaryType="cq:WidgetCollection">
    <tabs jcr:primaryType="cq:TabPanel">
      <items jcr:primaryType="cq:WidgetCollection">
        <hello jcr:primaryType="cq:Widget" title="hello">
          <items jcr:primaryType="cq:WidgetCollection">
            <text allowBlank="{Boolean}true" disabled="{Boolean}false" hideLabel="{Boolean}false" jcr:primaryType="cq:Widget" name="./text" xtype="textfield"/>
          </items>
        </hello>
      </items>
    </tabs>
  </items>
</jcr:root>
