<?xml version="1.0" encoding="UTF-8" standalone="no"?>
<jcr:root fileName="_cq_dialog.xml" xmlns:jcr="http://www.jcp.org/jcr/1.0" jcr:primaryType="nt:unstructured" jcr:title="footer" mode="edit" xmlns:sling="http://sling.apache.org/jcr/sling/1.0" sling:resourceType="cq/gui/components/authoring/dialog">
  <content jcr:primaryType="nt:unstructured" sling:resourceType="granite/ui/components/foundation/container">
    <layout jcr:primaryType="nt:unstructured" sling:resourceType="granite/ui/components/foundation/layouts/tabs"/>
    <items jcr:primaryType="nt:unstructured">
      <Tab-1 xmlns:cq="http://www.day.com/jcr/cq/1.0" cq:hideOnEdit="{Boolean}false" cq:showOnCreate="{Boolean}true" jcr:primaryType="nt:unstructured" jcr:title="Tab-1" sling:resourceType="granite/ui/components/foundation/section">
        <layout jcr:primaryType="nt:unstructured" sling:resourceType="granite/ui/components/foundation/layouts/fixedcolumns"/>
        <items jcr:primaryType="nt:unstructured">
          <column jcr:primaryType="nt:unstructured" sling:resourceType="granite/ui/components/foundation/container">
            <items jcr:primaryType="nt:unstructured">
              <newsletter cq:hideOnEdit="{Boolean}false" cq:showOnCreate="{Boolean}true" disabled="{Boolean}false" fieldLabel="News letter text" jcr:primaryType="nt:unstructured" name="./newsletter" renderReadOnly="{Boolean}true" required="{Boolean}false" sling:resourceType="granite/ui/components/foundation/form/textfield"/>
              <colourQuotient cq:hideOnEdit="{Boolean}false" cq:showOnCreate="{Boolean}true" disabled="{Boolean}false" fieldLabel="Colour Quotient text" jcr:primaryType="nt:unstructured" name="./colourQuotient" renderReadOnly="{Boolean}true" required="{Boolean}false" sling:resourceType="granite/ui/components/foundation/form/textfield"/>
              <socialLinkData allowReorder="{Boolean}true" baseName="item_" cq:hideOnEdit="{Boolean}false" cq:showOnCreate="{Boolean}true" disabled="{Boolean}false" fieldLabel="Social Link Data" jcr:primaryType="nt:unstructured" limit="0" matchBaseName="{Boolean}false" name="./socialLinkData" renderReadOnly="{Boolean}true" required="{Boolean}false" sling:resourceType="multicomposite/granite/multicomposite">
                <fields jcr:primaryType="nt:unstructured">
                  <linkText cq:hideOnEdit="{Boolean}false" cq:showOnCreate="{Boolean}true" disabled="{Boolean}false" fieldLabel="Link Text" jcr:primaryType="nt:unstructured" name="linkText" renderReadOnly="{Boolean}true" required="{Boolean}false" sling:resourceType="granite/ui/components/foundation/form/textfield"/>
                  <pathLink cq:hideOnEdit="{Boolean}false" cq:showOnCreate="{Boolean}true" disabled="{Boolean}false" fieldLabel="Path Link" jcr:primaryType="nt:unstructured" name="pathLink" renderReadOnly="{Boolean}true" required="{Boolean}false" rootPath="/content/" sling:resourceType="granite/ui/components/foundation/form/pathbrowser"/>
                  <image allowUpload="{Boolean}false" autoStart="{Boolean}false" cq:hideOnEdit="{Boolean}false" cq:showOnCreate="{Boolean}true" disabled="{Boolean}false" fieldLabel="Image" jcr:primaryType="nt:unstructured" mimeTypes="[image]" multiple="{Boolean}false" name="file" renderReadOnly="{Boolean}true" required="{Boolean}false" sling:resourceType="granite/ui/components/foundation/form/fileupload" uploadUrl="${suffix.path}" useHTML5="{Boolean}true"/>
                </fields>
              </socialLinkData>
            </items>
          </column>
        </items>
      </Tab-1>
      <Tab-2 xmlns:cq="http://www.day.com/jcr/cq/1.0" cq:hideOnEdit="{Boolean}false" cq:showOnCreate="{Boolean}true" jcr:primaryType="nt:unstructured" jcr:title="Tab-2" sling:resourceType="granite/ui/components/foundation/section">
        <layout jcr:primaryType="nt:unstructured" sling:resourceType="granite/ui/components/foundation/layouts/fixedcolumns"/>
        <items jcr:primaryType="nt:unstructured">
          <column jcr:primaryType="nt:unstructured" sling:resourceType="granite/ui/components/foundation/container">
            <items jcr:primaryType="nt:unstructured">
              <textLinkData allowReorder="{Boolean}true" baseName="item_" cq:hideOnEdit="{Boolean}false" cq:showOnCreate="{Boolean}true" disabled="{Boolean}false" fieldLabel="Text and Link Data" jcr:primaryType="nt:unstructured" limit="0" matchBaseName="{Boolean}false" name="./textLinkData" renderReadOnly="{Boolean}true" required="{Boolean}false" sling:resourceType="multicomposite/granite/multicomposite">
                <fields jcr:primaryType="nt:unstructured">
                  <linkText cq:hideOnEdit="{Boolean}false" cq:showOnCreate="{Boolean}true" disabled="{Boolean}false" fieldLabel="Link Text" jcr:primaryType="nt:unstructured" name="linkText" renderReadOnly="{Boolean}true" required="{Boolean}false" sling:resourceType="granite/ui/components/foundation/form/textfield"/>
                  <pathLink cq:hideOnEdit="{Boolean}false" cq:showOnCreate="{Boolean}true" disabled="{Boolean}false" fieldLabel="Path Link" jcr:primaryType="nt:unstructured" name="pathLink" renderReadOnly="{Boolean}true" required="{Boolean}false" rootPath="/content/" sling:resourceType="granite/ui/components/foundation/form/pathbrowser"/>
                  <image allowUpload="{Boolean}false" autoStart="{Boolean}false" cq:hideOnEdit="{Boolean}false" cq:showOnCreate="{Boolean}true" disabled="{Boolean}false" fieldLabel="Image" jcr:primaryType="nt:unstructured" mimeTypes="[image]" multiple="{Boolean}false" name="file" renderReadOnly="{Boolean}true" required="{Boolean}false" sling:resourceType="granite/ui/components/foundation/form/fileupload" uploadUrl="${suffix.path}" useHTML5="{Boolean}true"/>
                </fields>
              </textLinkData>
              <faqTextLinkData allowReorder="{Boolean}true" baseName="item_" cq:hideOnEdit="{Boolean}false" cq:showOnCreate="{Boolean}true" disabled="{Boolean}false" fieldLabel="Coloumn 2 Text and Link Data" jcr:primaryType="nt:unstructured" limit="0" matchBaseName="{Boolean}false" name="./faqTextLinkData" renderReadOnly="{Boolean}true" required="{Boolean}false" sling:resourceType="multicomposite/granite/multicomposite">
                <fields jcr:primaryType="nt:unstructured">
                  <linkText cq:hideOnEdit="{Boolean}false" cq:showOnCreate="{Boolean}true" disabled="{Boolean}false" fieldLabel="Link Text" jcr:primaryType="nt:unstructured" name="linkText" renderReadOnly="{Boolean}true" required="{Boolean}false" sling:resourceType="granite/ui/components/foundation/form/textfield"/>
                  <pathLink cq:hideOnEdit="{Boolean}false" cq:showOnCreate="{Boolean}true" disabled="{Boolean}false" fieldLabel="Path Link" jcr:primaryType="nt:unstructured" name="pathLink" renderReadOnly="{Boolean}true" required="{Boolean}false" rootPath="/content/" sling:resourceType="granite/ui/components/foundation/form/pathbrowser"/>
                  <image allowUpload="{Boolean}false" autoStart="{Boolean}false" cq:hideOnEdit="{Boolean}false" cq:showOnCreate="{Boolean}true" disabled="{Boolean}false" fieldLabel="Image" jcr:primaryType="nt:unstructured" mimeTypes="[image]" multiple="{Boolean}false" name="file" renderReadOnly="{Boolean}true" required="{Boolean}false" sling:resourceType="granite/ui/components/foundation/form/fileupload" uploadUrl="${suffix.path}" useHTML5="{Boolean}true"/>
                </fields>
              </faqTextLinkData>
              <downloadTextLinkData allowReorder="{Boolean}true" baseName="item_" cq:hideOnEdit="{Boolean}false" cq:showOnCreate="{Boolean}true" disabled="{Boolean}false" fieldLabel="Coloumn 3 Text and Link Data" jcr:primaryType="nt:unstructured" limit="0" matchBaseName="{Boolean}false" name="./downloadTextLinkData" renderReadOnly="{Boolean}true" required="{Boolean}false" sling:resourceType="multicomposite/granite/multicomposite">
                <fields jcr:primaryType="nt:unstructured">
                  <linkText cq:hideOnEdit="{Boolean}false" cq:showOnCreate="{Boolean}true" disabled="{Boolean}false" fieldLabel="Link Text" jcr:primaryType="nt:unstructured" name="linkText" renderReadOnly="{Boolean}true" required="{Boolean}false" sling:resourceType="granite/ui/components/foundation/form/textfield"/>
                  <pathLink cq:hideOnEdit="{Boolean}false" cq:showOnCreate="{Boolean}true" disabled="{Boolean}false" fieldLabel="Path Link" jcr:primaryType="nt:unstructured" name="pathLink" renderReadOnly="{Boolean}true" required="{Boolean}false" rootPath="/content/" sling:resourceType="granite/ui/components/foundation/form/pathbrowser"/>
                  <image allowUpload="{Boolean}false" autoStart="{Boolean}false" cq:hideOnEdit="{Boolean}false" cq:showOnCreate="{Boolean}true" disabled="{Boolean}false" fieldLabel="Image" jcr:primaryType="nt:unstructured" mimeTypes="[image]" multiple="{Boolean}false" name="file" renderReadOnly="{Boolean}true" required="{Boolean}false" sling:resourceType="granite/ui/components/foundation/form/fileupload" uploadUrl="${suffix.path}" useHTML5="{Boolean}true"/>
                </fields>
              </downloadTextLinkData>
              <requestTextLinkData allowReorder="{Boolean}true" baseName="item_" cq:hideOnEdit="{Boolean}false" cq:showOnCreate="{Boolean}true" disabled="{Boolean}false" fieldLabel="Coloumn 4 Text and Link Data" jcr:primaryType="nt:unstructured" limit="0" matchBaseName="{Boolean}false" name="./requestTextLinkData" renderReadOnly="{Boolean}true" required="{Boolean}false" sling:resourceType="multicomposite/granite/multicomposite">
                <fields jcr:primaryType="nt:unstructured">
                  <linkText cq:hideOnEdit="{Boolean}false" cq:showOnCreate="{Boolean}true" disabled="{Boolean}false" fieldLabel="Link Text" jcr:primaryType="nt:unstructured" name="linkText" renderReadOnly="{Boolean}true" required="{Boolean}false" sling:resourceType="granite/ui/components/foundation/form/textfield"/>
                  <pathLink cq:hideOnEdit="{Boolean}false" cq:showOnCreate="{Boolean}true" disabled="{Boolean}false" fieldLabel="Path Link" jcr:primaryType="nt:unstructured" name="pathLink" renderReadOnly="{Boolean}true" required="{Boolean}false" rootPath="/content/" sling:resourceType="granite/ui/components/foundation/form/pathbrowser"/>
                  <image allowUpload="{Boolean}false" autoStart="{Boolean}false" cq:hideOnEdit="{Boolean}false" cq:showOnCreate="{Boolean}true" disabled="{Boolean}false" fieldLabel="Image" jcr:primaryType="nt:unstructured" mimeTypes="[image]" multiple="{Boolean}false" name="file" renderReadOnly="{Boolean}true" required="{Boolean}false" sling:resourceType="granite/ui/components/foundation/form/fileupload" uploadUrl="${suffix.path}" useHTML5="{Boolean}true"/>
                </fields>
              </requestTextLinkData>
            </items>
          </column>
        </items>
      </Tab-2>
      <Tab-3 xmlns:cq="http://www.day.com/jcr/cq/1.0" cq:hideOnEdit="{Boolean}false" cq:showOnCreate="{Boolean}true" jcr:primaryType="nt:unstructured" jcr:title="Tab-3" sling:resourceType="granite/ui/components/foundation/section">
        <layout jcr:primaryType="nt:unstructured" sling:resourceType="granite/ui/components/foundation/layouts/fixedcolumns"/>
        <items jcr:primaryType="nt:unstructured">
          <column jcr:primaryType="nt:unstructured" sling:resourceType="granite/ui/components/foundation/container">
            <items jcr:primaryType="nt:unstructured">
              <title cq:hideOnEdit="{Boolean}false" cq:showOnCreate="{Boolean}true" disabled="{Boolean}false" fieldLabel="Title" jcr:primaryType="nt:unstructured" name="./title" renderReadOnly="{Boolean}true" required="{Boolean}false" sling:resourceType="granite/ui/components/foundation/form/textfield"/>
              <columnTextLinkData allowReorder="{Boolean}true" baseName="item_" cq:hideOnEdit="{Boolean}false" cq:showOnCreate="{Boolean}true" disabled="{Boolean}false" fieldLabel="Text and Link Data" jcr:primaryType="nt:unstructured" limit="0" matchBaseName="{Boolean}false" name="./columnTextLinkData" renderReadOnly="{Boolean}true" required="{Boolean}false" sling:resourceType="multicomposite/granite/multicomposite">
                <fields jcr:primaryType="nt:unstructured">
                  <linkText cq:hideOnEdit="{Boolean}false" cq:showOnCreate="{Boolean}true" disabled="{Boolean}false" fieldLabel="Link Text" jcr:primaryType="nt:unstructured" name="linkText" renderReadOnly="{Boolean}true" required="{Boolean}false" sling:resourceType="granite/ui/components/foundation/form/textfield"/>
                  <pathLink cq:hideOnEdit="{Boolean}false" cq:showOnCreate="{Boolean}true" disabled="{Boolean}false" fieldLabel="Path Link" jcr:primaryType="nt:unstructured" name="pathLink" renderReadOnly="{Boolean}true" required="{Boolean}false" rootPath="/content/" sling:resourceType="granite/ui/components/foundation/form/pathbrowser"/>
                  <image allowUpload="{Boolean}false" autoStart="{Boolean}false" cq:hideOnEdit="{Boolean}false" cq:showOnCreate="{Boolean}true" disabled="{Boolean}false" fieldLabel="Image" jcr:primaryType="nt:unstructured" mimeTypes="[image]" multiple="{Boolean}false" name="file" renderReadOnly="{Boolean}true" required="{Boolean}false" sling:resourceType="granite/ui/components/foundation/form/fileupload" uploadUrl="${suffix.path}" useHTML5="{Boolean}true"/>
                </fields>
              </columnTextLinkData>
            </items>
          </column>
        </items>
      </Tab-3>
    </items>
  </content>
</jcr:root>
