<?xml version="1.0" encoding="UTF-8" standalone="no"?>
<jcr:root activeTab="0" allowBlank="{Boolean}false" disabled="{Boolean}false" fileName="dialog.xml" hideLabel="{Boolean}false" xmlns:jcr="http://www.jcp.org/jcr/1.0" jcr:primaryType="cq:Dialog" title="footer" xtype="dialog">
  <items jcr:primaryType="cq:WidgetCollection">
    <tabs jcr:primaryType="cq:TabPanel">
      <items jcr:primaryType="cq:WidgetCollection">
        <Tab-1 jcr:primaryType="cq:Widget" title="Tab-1">
          <items jcr:primaryType="cq:WidgetCollection">
            <newsletter allowBlank="{Boolean}true" disabled="{Boolean}false" fieldLabel="News letter text" hideLabel="{Boolean}false" jcr:primaryType="cq:Widget" name="./newsletter" xtype="textfield"/>
            <colourQuotient allowBlank="{Boolean}true" disabled="{Boolean}false" fieldLabel="Colour Quotient text" hideLabel="{Boolean}false" jcr:primaryType="cq:Widget" name="./colourQuotient" xtype="textfield"/>
            <socialLinkData allowBlank="{Boolean}true" baseName="item_" disabled="{Boolean}false" fieldLabel="Social Link Data" hideLabel="{Boolean}false" jcr:primaryType="cq:Widget" matchBaseName="{Boolean}false" name="./socialLinkData" prefix="./" xtype="multicompositefield">
              <fieldConfigs jcr:primaryType="cq:WidgetCollection">
                <linkText allowBlank="{Boolean}true" disabled="{Boolean}false" fieldLabel="Link Text" hideLabel="{Boolean}false" jcr:primaryType="cq:Widget" name="linkText" xtype="textfield"/>
                <pathLink allowBlank="{Boolean}true" disabled="{Boolean}false" escapeAmp="{Boolean}false" fieldLabel="Path Link" hideLabel="{Boolean}false" hideTrigger="{Boolean}false" jcr:primaryType="cq:Widget" name="pathLink" parBrowse="{Boolean}false" rootPath="/content/" rootTitle="Websites" showTitleInTree="{Boolean}true" xtype="pathfield"/>
                <imgPath allowBlank="{Boolean}true" disabled="{Boolean}false" escapeAmp="{Boolean}false" fieldLabel="Image" hideLabel="{Boolean}false" hideTrigger="{Boolean}false" jcr:primaryType="cq:Widget" name="imgPath" parBrowse="{Boolean}false" rootPath="/content/dam" rootTitle="Websites" showTitleInTree="{Boolean}true" xtype="pathfield"/>
              </fieldConfigs>
            </socialLinkData>
          </items>
        </Tab-1>
        <Tab-2 jcr:primaryType="cq:Widget" title="Tab-2">
          <items jcr:primaryType="cq:WidgetCollection">
            <textLinkData allowBlank="{Boolean}true" baseName="item_" disabled="{Boolean}false" fieldLabel="Text and Link Data" hideLabel="{Boolean}false" jcr:primaryType="cq:Widget" matchBaseName="{Boolean}false" name="./textLinkData" prefix="./" xtype="multicompositefield">
              <fieldConfigs jcr:primaryType="cq:WidgetCollection">
                <linkText allowBlank="{Boolean}true" disabled="{Boolean}false" fieldLabel="Link Text" hideLabel="{Boolean}false" jcr:primaryType="cq:Widget" name="linkText" xtype="textfield"/>
                <pathLink allowBlank="{Boolean}true" disabled="{Boolean}false" escapeAmp="{Boolean}false" fieldLabel="Path Link" hideLabel="{Boolean}false" hideTrigger="{Boolean}false" jcr:primaryType="cq:Widget" name="pathLink" parBrowse="{Boolean}false" rootPath="/content/" rootTitle="Websites" showTitleInTree="{Boolean}true" xtype="pathfield"/>
                <imgPath allowBlank="{Boolean}true" disabled="{Boolean}false" escapeAmp="{Boolean}false" fieldLabel="Image" hideLabel="{Boolean}false" hideTrigger="{Boolean}false" jcr:primaryType="cq:Widget" name="imgPath" parBrowse="{Boolean}false" rootPath="/content/dam" rootTitle="Websites" showTitleInTree="{Boolean}true" xtype="pathfield"/>
              </fieldConfigs>
            </textLinkData>
            <faqTextLinkData allowBlank="{Boolean}true" baseName="item_" disabled="{Boolean}false" fieldLabel="Coloumn 2 Text and Link Data" hideLabel="{Boolean}false" jcr:primaryType="cq:Widget" matchBaseName="{Boolean}false" name="./faqTextLinkData" prefix="./" xtype="multicompositefield">
              <fieldConfigs jcr:primaryType="cq:WidgetCollection">
                <linkText allowBlank="{Boolean}true" disabled="{Boolean}false" fieldLabel="Link Text" hideLabel="{Boolean}false" jcr:primaryType="cq:Widget" name="linkText" xtype="textfield"/>
                <pathLink allowBlank="{Boolean}true" disabled="{Boolean}false" escapeAmp="{Boolean}false" fieldLabel="Path Link" hideLabel="{Boolean}false" hideTrigger="{Boolean}false" jcr:primaryType="cq:Widget" name="pathLink" parBrowse="{Boolean}false" rootPath="/content/" rootTitle="Websites" showTitleInTree="{Boolean}true" xtype="pathfield"/>
                <imgPath allowBlank="{Boolean}true" disabled="{Boolean}false" escapeAmp="{Boolean}false" fieldLabel="Image" hideLabel="{Boolean}false" hideTrigger="{Boolean}false" jcr:primaryType="cq:Widget" name="imgPath" parBrowse="{Boolean}false" rootPath="/content/dam" rootTitle="Websites" showTitleInTree="{Boolean}true" xtype="pathfield"/>
              </fieldConfigs>
            </faqTextLinkData>
            <downloadTextLinkData allowBlank="{Boolean}true" baseName="item_" disabled="{Boolean}false" fieldLabel="Coloumn 3 Text and Link Data" hideLabel="{Boolean}false" jcr:primaryType="cq:Widget" matchBaseName="{Boolean}false" name="./downloadTextLinkData" prefix="./" xtype="multicompositefield">
              <fieldConfigs jcr:primaryType="cq:WidgetCollection">
                <linkText allowBlank="{Boolean}true" disabled="{Boolean}false" fieldLabel="Link Text" hideLabel="{Boolean}false" jcr:primaryType="cq:Widget" name="linkText" xtype="textfield"/>
                <pathLink allowBlank="{Boolean}true" disabled="{Boolean}false" escapeAmp="{Boolean}false" fieldLabel="Path Link" hideLabel="{Boolean}false" hideTrigger="{Boolean}false" jcr:primaryType="cq:Widget" name="pathLink" parBrowse="{Boolean}false" rootPath="/content/" rootTitle="Websites" showTitleInTree="{Boolean}true" xtype="pathfield"/>
                <imgPath allowBlank="{Boolean}true" disabled="{Boolean}false" escapeAmp="{Boolean}false" fieldLabel="Image" hideLabel="{Boolean}false" hideTrigger="{Boolean}false" jcr:primaryType="cq:Widget" name="imgPath" parBrowse="{Boolean}false" rootPath="/content/dam" rootTitle="Websites" showTitleInTree="{Boolean}true" xtype="pathfield"/>
              </fieldConfigs>
            </downloadTextLinkData>
            <requestTextLinkData allowBlank="{Boolean}true" baseName="item_" disabled="{Boolean}false" fieldLabel="Coloumn 4 Text and Link Data" hideLabel="{Boolean}false" jcr:primaryType="cq:Widget" matchBaseName="{Boolean}false" name="./requestTextLinkData" prefix="./" xtype="multicompositefield">
              <fieldConfigs jcr:primaryType="cq:WidgetCollection">
                <linkText allowBlank="{Boolean}true" disabled="{Boolean}false" fieldLabel="Link Text" hideLabel="{Boolean}false" jcr:primaryType="cq:Widget" name="linkText" xtype="textfield"/>
                <pathLink allowBlank="{Boolean}true" disabled="{Boolean}false" escapeAmp="{Boolean}false" fieldLabel="Path Link" hideLabel="{Boolean}false" hideTrigger="{Boolean}false" jcr:primaryType="cq:Widget" name="pathLink" parBrowse="{Boolean}false" rootPath="/content/" rootTitle="Websites" showTitleInTree="{Boolean}true" xtype="pathfield"/>
                <imgPath allowBlank="{Boolean}true" disabled="{Boolean}false" escapeAmp="{Boolean}false" fieldLabel="Image" hideLabel="{Boolean}false" hideTrigger="{Boolean}false" jcr:primaryType="cq:Widget" name="imgPath" parBrowse="{Boolean}false" rootPath="/content/dam" rootTitle="Websites" showTitleInTree="{Boolean}true" xtype="pathfield"/>
              </fieldConfigs>
            </requestTextLinkData>
          </items>
        </Tab-2>
        <Tab-3 jcr:primaryType="cq:Widget" title="Tab-3">
          <items jcr:primaryType="cq:WidgetCollection">
            <title allowBlank="{Boolean}true" disabled="{Boolean}false" fieldLabel="Title" hideLabel="{Boolean}false" jcr:primaryType="cq:Widget" name="./title" xtype="textfield"/>
            <columnTextLinkData allowBlank="{Boolean}true" baseName="item_" disabled="{Boolean}false" fieldLabel="Text and Link Data" hideLabel="{Boolean}false" jcr:primaryType="cq:Widget" matchBaseName="{Boolean}false" name="./columnTextLinkData" prefix="./" xtype="multicompositefield">
              <fieldConfigs jcr:primaryType="cq:WidgetCollection">
                <linkText allowBlank="{Boolean}true" disabled="{Boolean}false" fieldLabel="Link Text" hideLabel="{Boolean}false" jcr:primaryType="cq:Widget" name="linkText" xtype="textfield"/>
                <pathLink allowBlank="{Boolean}true" disabled="{Boolean}false" escapeAmp="{Boolean}false" fieldLabel="Path Link" hideLabel="{Boolean}false" hideTrigger="{Boolean}false" jcr:primaryType="cq:Widget" name="pathLink" parBrowse="{Boolean}false" rootPath="/content/" rootTitle="Websites" showTitleInTree="{Boolean}true" xtype="pathfield"/>
                <imgPath allowBlank="{Boolean}true" disabled="{Boolean}false" escapeAmp="{Boolean}false" fieldLabel="Image" hideLabel="{Boolean}false" hideTrigger="{Boolean}false" jcr:primaryType="cq:Widget" name="imgPath" parBrowse="{Boolean}false" rootPath="/content/dam" rootTitle="Websites" showTitleInTree="{Boolean}true" xtype="pathfield"/>
              </fieldConfigs>
            </columnTextLinkData>
          </items>
        </Tab-3>
      </items>
    </tabs>
  </items>
</jcr:root>
