<?xml version="1.0" encoding="UTF-8" standalone="no"?>
<jcr:root fileName="_cq_dialog.xml" xmlns:jcr="http://www.jcp.org/jcr/1.0" jcr:primaryType="nt:unstructured" jcr:title="header" mode="edit" xmlns:sling="http://sling.apache.org/jcr/sling/1.0" sling:resourceType="cq/gui/components/authoring/dialog">
  <content jcr:primaryType="nt:unstructured" sling:resourceType="granite/ui/components/foundation/container">
    <layout jcr:primaryType="nt:unstructured" sling:resourceType="granite/ui/components/foundation/layouts/tabs"/>
    <items jcr:primaryType="nt:unstructured">
      <header xmlns:cq="http://www.day.com/jcr/cq/1.0" cq:hideOnEdit="{Boolean}false" cq:showOnCreate="{Boolean}false" jcr:primaryType="nt:unstructured" jcr:title="header" sling:resourceType="granite/ui/components/foundation/section">
        <layout jcr:primaryType="nt:unstructured" sling:resourceType="granite/ui/components/foundation/layouts/fixedcolumns"/>
        <items jcr:primaryType="nt:unstructured">
          <column jcr:primaryType="nt:unstructured" sling:resourceType="granite/ui/components/foundation/container">
            <items jcr:primaryType="nt:unstructured">
              <headerMainStripPojo allowReorder="{Boolean}true" baseName="item_" cq:hideOnEdit="{Boolean}false" cq:showOnCreate="{Boolean}true" disabled="{Boolean}false" jcr:primaryType="nt:unstructured" limit="0" matchBaseName="{Boolean}false" name="./headerMainStripPojo" renderReadOnly="{Boolean}true" required="{Boolean}false" sling:resourceType="multicomposite/granite/multicomposite">
                <fields jcr:primaryType="nt:unstructured">
                  <headerTitle cq:hideOnEdit="{Boolean}false" cq:showOnCreate="{Boolean}true" disabled="{Boolean}false" fieldDescription="enter the header title" fieldLabel="Header Title" jcr:primaryType="nt:unstructured" name="headerTitle" renderReadOnly="{Boolean}true" required="{Boolean}false" sling:resourceType="granite/ui/components/foundation/form/textfield"/>
                  <headerIcon cq:hideOnEdit="{Boolean}false" cq:showOnCreate="{Boolean}true" disabled="{Boolean}false" fieldDescription="Enter the header icon" fieldLabel="Header Icon" jcr:primaryType="nt:unstructured" name="headerIcon" renderReadOnly="{Boolean}true" required="{Boolean}false" rootPath="/" sling:resourceType="granite/ui/components/foundation/form/pathbrowser"/>
                  <redirectionPath cq:hideOnEdit="{Boolean}false" cq:showOnCreate="{Boolean}true" disabled="{Boolean}false" fieldDescription="Enter the header title redirection path" fieldLabel="Enter the redirection path" jcr:primaryType="nt:unstructured" name="redirectionPath" renderReadOnly="{Boolean}true" required="{Boolean}false" rootPath="/" sling:resourceType="granite/ui/components/foundation/form/pathbrowser"/>
                  <headerSecondLevelStripPojo allowReorder="{Boolean}true" baseName="item_" cq:hideOnEdit="{Boolean}false" cq:showOnCreate="{Boolean}true" disabled="{Boolean}false" fieldDescription="Enter the subTitles" fieldLabel="Sub Titles" jcr:primaryType="nt:unstructured" limit="0" matchBaseName="{Boolean}false" name="headerSecondLevelStripPojo" renderReadOnly="{Boolean}true" required="{Boolean}false" sling:resourceType="multicomposite/granite/multicomposite">
                    <fields jcr:primaryType="nt:unstructured">
                      <smallIcon cq:hideOnEdit="{Boolean}false" cq:showOnCreate="{Boolean}true" disabled="{Boolean}false" fieldLabel="Enter the  small icon" jcr:primaryType="nt:unstructured" name="smallIcon" renderReadOnly="{Boolean}true" required="{Boolean}false" rootPath="/" sling:resourceType="granite/ui/components/foundation/form/pathbrowser"/>
                      <title cq:hideOnEdit="{Boolean}false" cq:showOnCreate="{Boolean}true" disabled="{Boolean}false" fieldLabel="enter the second level page title" jcr:primaryType="nt:unstructured" name="title" renderReadOnly="{Boolean}true" required="{Boolean}false" sling:resourceType="granite/ui/components/foundation/form/textfield"/>
                      <description cq:hideOnEdit="{Boolean}false" cq:showOnCreate="{Boolean}true" disabled="{Boolean}false" fieldLabel="Enter the description" jcr:primaryType="nt:unstructured" name="description" renderReadOnly="{Boolean}true" required="{Boolean}false" resize="none" rows="5" sling:resourceType="granite/ui/components/foundation/form/textarea"/>
                      <path cq:hideOnEdit="{Boolean}false" cq:showOnCreate="{Boolean}true" disabled="{Boolean}false" fieldLabel="Enter the second level page path" jcr:primaryType="nt:unstructured" name="path" renderReadOnly="{Boolean}true" required="{Boolean}false" rootPath="/" sling:resourceType="granite/ui/components/foundation/form/pathbrowser"/>
                    </fields>
                  </headerSecondLevelStripPojo>
                </fields>
              </headerMainStripPojo>
            </items>
          </column>
        </items>
      </header>
    </items>
  </content>
</jcr:root>
