<?xml version="1.0" encoding="UTF-8" standalone="no"?>
<jcr:root activeTab="0" allowBlank="{Boolean}false" disabled="{Boolean}false" fileName="dialog.xml" hideLabel="{Boolean}false" xmlns:jcr="http://www.jcp.org/jcr/1.0" jcr:primaryType="cq:Dialog" title="header" xtype="dialog">
  <items jcr:primaryType="cq:WidgetCollection">
    <tabs jcr:primaryType="cq:TabPanel">
      <items jcr:primaryType="cq:WidgetCollection">
        <header jcr:primaryType="cq:Widget" title="header">
          <items jcr:primaryType="cq:WidgetCollection">
            <headerMainStripPojo allowBlank="{Boolean}true" baseName="item_" disabled="{Boolean}false" hideLabel="{Boolean}false" jcr:primaryType="cq:Widget" matchBaseName="{Boolean}false" name="./headerMainStripPojo" prefix="./" xtype="multicompositefield">
              <fieldConfigs jcr:primaryType="cq:WidgetCollection">
                <headerTitle allowBlank="{Boolean}true" disabled="{Boolean}false" fieldDescription="enter the header title" fieldLabel="Header Title" hideLabel="{Boolean}false" jcr:primaryType="cq:Widget" name="headerTitle" xtype="textfield"/>
                <headerIcon allowBlank="{Boolean}true" disabled="{Boolean}false" escapeAmp="{Boolean}false" fieldDescription="Enter the header icon" fieldLabel="Header Icon" hideLabel="{Boolean}false" hideTrigger="{Boolean}false" jcr:primaryType="cq:Widget" name="headerIcon" parBrowse="{Boolean}false" rootPath="/" rootTitle="Websites" showTitleInTree="{Boolean}true" xtype="pathfield"/>
                <redirectionPath allowBlank="{Boolean}true" disabled="{Boolean}false" escapeAmp="{Boolean}false" fieldDescription="Enter the header title redirection path" fieldLabel="Enter the redirection path" hideLabel="{Boolean}false" hideTrigger="{Boolean}false" jcr:primaryType="cq:Widget" name="redirectionPath" parBrowse="{Boolean}false" rootPath="/" rootTitle="Websites" showTitleInTree="{Boolean}true" xtype="pathfield"/>
                <headerSecondLevelStripPojo allowBlank="{Boolean}true" baseName="item_" disabled="{Boolean}false" fieldDescription="Enter the subTitles" fieldLabel="Sub Titles" hideLabel="{Boolean}false" jcr:primaryType="cq:Widget" matchBaseName="{Boolean}false" name="headerSecondLevelStripPojo" prefix="./" xtype="multicompositefield">
                  <fieldConfigs jcr:primaryType="cq:WidgetCollection">
                    <smallIcon allowBlank="{Boolean}true" disabled="{Boolean}false" escapeAmp="{Boolean}false" fieldLabel="Enter the  small icon" hideLabel="{Boolean}false" hideTrigger="{Boolean}false" jcr:primaryType="cq:Widget" name="smallIcon" parBrowse="{Boolean}false" rootPath="/" rootTitle="Websites" showTitleInTree="{Boolean}true" xtype="pathfield"/>
                    <title allowBlank="{Boolean}true" disabled="{Boolean}false" fieldLabel="enter the second level page title" hideLabel="{Boolean}false" jcr:primaryType="cq:Widget" name="title" xtype="textfield"/>
                    <description allowBlank="{Boolean}true" disabled="{Boolean}false" fieldLabel="Enter the description" hideLabel="{Boolean}false" jcr:primaryType="cq:Widget" name="description" xtype="textarea"/>
                    <path allowBlank="{Boolean}true" disabled="{Boolean}false" escapeAmp="{Boolean}false" fieldLabel="Enter the second level page path" hideLabel="{Boolean}false" hideTrigger="{Boolean}false" jcr:primaryType="cq:Widget" name="path" parBrowse="{Boolean}false" rootPath="/" rootTitle="Websites" showTitleInTree="{Boolean}true" xtype="pathfield"/>
                  </fieldConfigs>
                </headerSecondLevelStripPojo>
              </fieldConfigs>
            </headerMainStripPojo>
          </items>
        </header>
      </items>
    </tabs>
  </items>
</jcr:root>
