<?xml version="1.0" encoding="UTF-8" standalone="no"?>
<jcr:root fileName="_cq_dialog.xml" xmlns:jcr="http://www.jcp.org/jcr/1.0" jcr:primaryType="nt:unstructured" jcr:title="Style Guide Design" mode="edit" xmlns:sling="http://sling.apache.org/jcr/sling/1.0" sling:resourceType="cq/gui/components/authoring/dialog">
  <content jcr:primaryType="nt:unstructured" sling:resourceType="granite/ui/components/foundation/container">
    <layout jcr:primaryType="nt:unstructured" sling:resourceType="granite/ui/components/foundation/layouts/tabs"/>
    <items jcr:primaryType="nt:unstructured">
      <StyleGuideDesign xmlns:cq="http://www.day.com/jcr/cq/1.0" cq:hideOnEdit="{Boolean}false" cq:showOnCreate="{Boolean}false" jcr:primaryType="nt:unstructured" jcr:title="Style Guide Design" sling:resourceType="granite/ui/components/foundation/section">
        <layout jcr:primaryType="nt:unstructured" sling:resourceType="granite/ui/components/foundation/layouts/fixedcolumns"/>
        <items jcr:primaryType="nt:unstructured">
          <column jcr:primaryType="nt:unstructured" sling:resourceType="granite/ui/components/foundation/container">
            <items jcr:primaryType="nt:unstructured">
              <title cq:hideOnEdit="{Boolean}false" cq:showOnCreate="{Boolean}true" disabled="{Boolean}false" fieldLabel="Title" jcr:primaryType="nt:unstructured" name="./title" renderReadOnly="{Boolean}true" required="{Boolean}false" sling:resourceType="granite/ui/components/foundation/form/textfield"/>
              <subTitle cq:hideOnEdit="{Boolean}false" cq:showOnCreate="{Boolean}true" disabled="{Boolean}false" fieldLabel="Sub title" jcr:primaryType="nt:unstructured" name="./subTitle" renderReadOnly="{Boolean}true" required="{Boolean}false" sling:resourceType="granite/ui/components/foundation/form/textfield"/>
              <imgPath cq:hideOnEdit="{Boolean}false" cq:showOnCreate="{Boolean}true" disabled="{Boolean}false" fieldLabel="Image path" jcr:primaryType="nt:unstructured" name="./imgPath" renderReadOnly="{Boolean}true" required="{Boolean}false" rootPath="/content/dam" sling:resourceType="granite/ui/components/foundation/form/pathbrowser"/>
              <imgLink cq:hideOnEdit="{Boolean}false" cq:showOnCreate="{Boolean}true" disabled="{Boolean}false" fieldLabel="Redirection path" jcr:primaryType="nt:unstructured" name="./imgLink" renderReadOnly="{Boolean}true" required="{Boolean}false" rootPath="/" sling:resourceType="granite/ui/components/foundation/form/pathbrowser"/>
              <buttonText cq:hideOnEdit="{Boolean}false" cq:showOnCreate="{Boolean}true" disabled="{Boolean}false" fieldLabel="Button text" jcr:primaryType="nt:unstructured" name="./buttonText" renderReadOnly="{Boolean}true" required="{Boolean}false" rootPath="/" sling:resourceType="granite/ui/components/foundation/form/pathbrowser"/>
              <buttonLink cq:hideOnEdit="{Boolean}false" cq:showOnCreate="{Boolean}true" disabled="{Boolean}false" fieldLabel="Button link" jcr:primaryType="nt:unstructured" name="./buttonLink" renderReadOnly="{Boolean}true" required="{Boolean}false" rootPath="/" sling:resourceType="granite/ui/components/foundation/form/pathbrowser"/>
              <styleGuideShadePojo allowReorder="{Boolean}true" baseName="item_" cq:hideOnEdit="{Boolean}false" cq:showOnCreate="{Boolean}true" disabled="{Boolean}false" fieldLabel="Configure color shades" jcr:primaryType="nt:unstructured" limit="0" matchBaseName="{Boolean}false" name="./styleGuideShadePojo" renderReadOnly="{Boolean}true" required="{Boolean}false" sling:resourceType="multicomposite/granite/multicomposite">
                <fields jcr:primaryType="nt:unstructured">
                  <colour cq:hideOnEdit="{Boolean}false" cq:showOnCreate="{Boolean}true" disabled="{Boolean}false" fieldLabel="Select the color" jcr:primaryType="nt:unstructured" multiple="{Boolean}false" name="colour" renderReadOnly="{Boolean}true" required="{Boolean}false" sling:resourceType="granite/ui/components/foundation/form/select">
                    <items jcr:primaryType="nt:unstructured">
                      <option0 jcr:primaryType="nt:unstructured" selected="{Boolean}false" text="Light Green" value="style1"/>
                      <option1 jcr:primaryType="nt:unstructured" selected="{Boolean}false" text="Dark Green" value="style2"/>
                      <option2 jcr:primaryType="nt:unstructured" selected="{Boolean}false" text="Gold" value="style3"/>
                      <option3 jcr:primaryType="nt:unstructured" selected="{Boolean}false" text="Light Yellow" value="style4"/>
                      <option4 jcr:primaryType="nt:unstructured" selected="{Boolean}false" text="Lavender" value="style5"/>
                      <option5 jcr:primaryType="nt:unstructured" selected="{Boolean}false" text="Darkmagenta" value="style6"/>
                      <option6 jcr:primaryType="nt:unstructured" selected="{Boolean}false" text="Darkcyna" value="style7"/>
                      <option7 jcr:primaryType="nt:unstructured" selected="{Boolean}false" text="Light Steel Blue" value="style8"/>
                    </items>
                  </colour>
                  <shadeTitle cq:hideOnEdit="{Boolean}false" cq:showOnCreate="{Boolean}true" disabled="{Boolean}false" fieldLabel="Shade title" jcr:primaryType="nt:unstructured" name="shadeTitle" renderReadOnly="{Boolean}true" required="{Boolean}false" sling:resourceType="granite/ui/components/foundation/form/textfield"/>
                  <shadeNumber cq:hideOnEdit="{Boolean}false" cq:showOnCreate="{Boolean}true" disabled="{Boolean}false" fieldLabel="Shade number" jcr:primaryType="nt:unstructured" name="shadeNumber" renderReadOnly="{Boolean}true" required="{Boolean}false" sling:resourceType="granite/ui/components/foundation/form/textfield"/>
                </fields>
              </styleGuideShadePojo>
            </items>
          </column>
        </items>
      </StyleGuideDesign>
    </items>
  </content>
</jcr:root>
