<?xml version="1.0" encoding="UTF-8" standalone="no"?>
<jcr:root fileName="_cq_dialog.xml" xmlns:jcr="http://www.jcp.org/jcr/1.0" jcr:primaryType="nt:unstructured" jcr:title="Wrapper component" mode="edit" xmlns:sling="http://sling.apache.org/jcr/sling/1.0" sling:resourceType="cq/gui/components/authoring/dialog">
  <content jcr:primaryType="nt:unstructured" sling:resourceType="granite/ui/components/foundation/container">
    <layout jcr:primaryType="nt:unstructured" sling:resourceType="granite/ui/components/foundation/layouts/tabs"/>
    <items jcr:primaryType="nt:unstructured">
      <Wrappercomponent xmlns:cq="http://www.day.com/jcr/cq/1.0" cq:hideOnEdit="{Boolean}false" cq:showOnCreate="{Boolean}false" jcr:primaryType="nt:unstructured" jcr:title="Wrapper component" sling:resourceType="granite/ui/components/foundation/section">
        <layout jcr:primaryType="nt:unstructured" sling:resourceType="granite/ui/components/foundation/layouts/fixedcolumns"/>
        <items jcr:primaryType="nt:unstructured">
          <column jcr:primaryType="nt:unstructured" sling:resourceType="granite/ui/components/foundation/container">
            <items jcr:primaryType="nt:unstructured">
              <wrapper cq:hideOnEdit="{Boolean}false" cq:showOnCreate="{Boolean}true" disabled="{Boolean}false" fieldLabel="Wrapper Classes" jcr:primaryType="nt:unstructured" multiple="{Boolean}false" name="./wrapper" renderReadOnly="{Boolean}true" required="{Boolean}false" sling:resourceType="granite/ui/components/foundation/form/select">
                <items jcr:primaryType="nt:unstructured">
                  <option0 jcr:primaryType="nt:unstructured" selected="{Boolean}false" text="Container" value="container"/>
                  <option1 jcr:primaryType="nt:unstructured" selected="{Boolean}false" text="Menu-block" value="wthi-menu-block"/>
                  <option2 jcr:primaryType="nt:unstructured" selected="{Boolean}false" text="Home-Page" value="wthi-container"/>
                  <option3 jcr:primaryType="nt:unstructured" selected="{Boolean}false" text="Full-Width-Container of Hompepage" value="full-widt-container"/>
                  <option4 jcr:primaryType="nt:unstructured" selected="{Boolean}false" text="Episode-main-container" value="episode-container clearfix"/>
                  <option5 jcr:primaryType="nt:unstructured" selected="{Boolean}false" text="Fullwidth_episode-container" value="episode-wrapper full-width"/>
                  <option6 jcr:primaryType="nt:unstructured" selected="{Boolean}false" text="Halfwidth_episode-container" value="other-episode-block"/>
                </items>
              </wrapper>
            </items>
          </column>
        </items>
      </Wrappercomponent>
    </items>
  </content>
</jcr:root>
