<?xml version="1.0" encoding="UTF-8" standalone="no"?>
<jcr:root activeTab="0" allowBlank="{Boolean}false" disabled="{Boolean}false" fileName="dialog.xml" hideLabel="{Boolean}false" xmlns:jcr="http://www.jcp.org/jcr/1.0" jcr:primaryType="cq:Dialog" title="wrapper" xtype="dialog">
  <items jcr:primaryType="cq:WidgetCollection">
    <tabs jcr:primaryType="cq:TabPanel">
      <items jcr:primaryType="cq:WidgetCollection">
        <wrapper jcr:primaryType="cq:Widget" title="wrapper">
          <items jcr:primaryType="cq:WidgetCollection">
            <wrapper allowBlank="{Boolean}true" defaultValue="container" disabled="{Boolean}false" fieldLabel="Wrapper Classes" hideLabel="{Boolean}false" jcr:primaryType="cq:Widget" name="./wrapper" type="select" xtype="selection">
              <options jcr:primaryType="cq:WidgetCollection">
                <option0 jcr:primaryType="nt:unstructured" text="Container" value="container"/>
                <option1 jcr:primaryType="nt:unstructured" text="Menu-block" value="wthi-menu-block"/>
                <option2 jcr:primaryType="nt:unstructured" text="Home-Page" value="wthi-container"/>
              </options>
            </wrapper>
          </items>
        </wrapper>
      </items>
    </tabs>
  </items>
</jcr:root>
