<?xml version="1.0" encoding="UTF-8" standalone="no"?>
<jcr:root activeTab="0" allowBlank="{Boolean}false" disabled="{Boolean}false" fileName="dialog.xml" hideLabel="{Boolean}false" xmlns:jcr="http://www.jcp.org/jcr/1.0" jcr:primaryType="cq:Dialog" title="Wrapper component" xtype="dialog">
  <items jcr:primaryType="cq:WidgetCollection">
    <tabs jcr:primaryType="cq:TabPanel">
      <items jcr:primaryType="cq:WidgetCollection">
        <Wrappercomponent jcr:primaryType="cq:Widget" title="Wrapper component">
          <items jcr:primaryType="cq:WidgetCollection">
            <wrapper allowBlank="{Boolean}true" disabled="{Boolean}false" fieldLabel="Wrapper Classes" hideLabel="{Boolean}false" jcr:primaryType="cq:Widget" name="./wrapper" type="select" xtype="selection">
              <options jcr:primaryType="cq:WidgetCollection">
                <option0 jcr:primaryType="nt:unstructured" text="Container" value="container"/>
                <option1 jcr:primaryType="nt:unstructured" text="Menu-block" value="wthi-menu-block"/>
                <option2 jcr:primaryType="nt:unstructured" text="Home-Page" value="wthi-container"/>
                <option3 jcr:primaryType="nt:unstructured" text="Full-Width-Container of Hompepage" value="full-widt-container"/>
                <option4 jcr:primaryType="nt:unstructured" text="Episode-main-container" value="episode-container clearfix"/>
                <option5 jcr:primaryType="nt:unstructured" text="Fullwidth_episode-container" value="episode-wrapper full-width"/>
                <option6 jcr:primaryType="nt:unstructured" text="Halfwidth_episode-container" value="other-episode-block"/>
              </options>
            </wrapper>
          </items>
        </Wrappercomponent>
      </items>
    </tabs>
  </items>
</jcr:root>
