<?xml version="1.0" encoding="UTF-8" standalone="no"?>
<jcr:root fileName="_cq_dialog.xml" xmlns:jcr="http://www.jcp.org/jcr/1.0" jcr:primaryType="nt:unstructured" jcr:title="Episode component" mode="edit" xmlns:sling="http://sling.apache.org/jcr/sling/1.0" sling:resourceType="cq/gui/components/authoring/dialog">
  <content jcr:primaryType="nt:unstructured" sling:resourceType="granite/ui/components/foundation/container">
    <layout jcr:primaryType="nt:unstructured" sling:resourceType="granite/ui/components/foundation/layouts/tabs"/>
    <items jcr:primaryType="nt:unstructured">
      <Episodecomponent xmlns:cq="http://www.day.com/jcr/cq/1.0" cq:hideOnEdit="{Boolean}false" cq:showOnCreate="{Boolean}false" jcr:primaryType="nt:unstructured" jcr:title="Episode component" sling:resourceType="granite/ui/components/foundation/section">
        <layout jcr:primaryType="nt:unstructured" sling:resourceType="granite/ui/components/foundation/layouts/fixedcolumns"/>
        <items jcr:primaryType="nt:unstructured">
          <column jcr:primaryType="nt:unstructured" sling:resourceType="granite/ui/components/foundation/container">
            <items jcr:primaryType="nt:unstructured">
              <episodeTitle cq:hideOnEdit="{Boolean}false" cq:showOnCreate="{Boolean}true" disabled="{Boolean}false" fieldDescription="Enter the episode title" fieldLabel="Episode Title" jcr:primaryType="nt:unstructured" name="./episodeTitle" renderReadOnly="{Boolean}true" required="{Boolean}false" sling:resourceType="granite/ui/components/foundation/form/textfield"/>
              <image allowUpload="{Boolean}false" autoStart="{Boolean}false" cq:hideOnEdit="{Boolean}false" cq:showOnCreate="{Boolean}true" disabled="{Boolean}false" fieldDescription="Select the image for the episode" fieldLabel="Episode image" jcr:primaryType="nt:unstructured" mimeTypes="[image]" multiple="{Boolean}false" name="./image/file" renderReadOnly="{Boolean}true" required="{Boolean}true" sling:resourceType="granite/ui/components/foundation/form/fileupload" title="Drag &amp; Drop Image" uploadUrl="${suffix.path}" useHTML5="{Boolean}true"/>
              <episodeDescription cq:hideOnEdit="{Boolean}false" cq:showOnCreate="{Boolean}true" disabled="{Boolean}false" fieldDescription="Enter the episode description" fieldLabel="Episode description" jcr:primaryType="nt:unstructured" name="./episodeDescription" renderReadOnly="{Boolean}true" required="{Boolean}false" resize="none" rows="5" sling:resourceType="granite/ui/components/foundation/form/textarea"/>
              <episodeButtonText cq:hideOnEdit="{Boolean}false" cq:showOnCreate="{Boolean}true" disabled="{Boolean}false" fieldDescription="Enter the episode button label text" fieldLabel="Button label text" jcr:primaryType="nt:unstructured" name="./episodeButtonText" renderReadOnly="{Boolean}true" required="{Boolean}false" sling:resourceType="granite/ui/components/foundation/form/textfield"/>
              <episodeButtonLink cq:hideOnEdit="{Boolean}false" cq:showOnCreate="{Boolean}true" disabled="{Boolean}false" fieldDescription="Enter the episode description" fieldLabel="Episode button link" jcr:primaryType="nt:unstructured" name="./episodeButtonLink" renderReadOnly="{Boolean}true" required="{Boolean}false" rootPath="/" sling:resourceType="granite/ui/components/foundation/form/pathbrowser"/>
            </items>
          </column>
        </items>
      </Episodecomponent>
    </items>
  </content>
</jcr:root>
