<?xml version="1.0" encoding="UTF-8" standalone="no"?>
<jcr:root activeTab="0" allowBlank="{Boolean}false" disabled="{Boolean}false" fileName="dialog.xml" hideLabel="{Boolean}false" xmlns:jcr="http://www.jcp.org/jcr/1.0" jcr:primaryType="cq:Dialog" title="Video component" xtype="dialog">
  <items jcr:primaryType="cq:WidgetCollection">
    <tabs jcr:primaryType="cq:TabPanel">
      <items jcr:primaryType="cq:WidgetCollection">
        <Videocomponent jcr:primaryType="cq:Widget" title="Video component">
          <items jcr:primaryType="cq:WidgetCollection">
            <videoPath allowBlank="{Boolean}true" disabled="{Boolean}false" escapeAmp="{Boolean}false" fieldDescription="Enter the path of the video to display" fieldLabel="Video Link" hideLabel="{Boolean}false" hideTrigger="{Boolean}false" jcr:primaryType="cq:Widget" name="./videoPath" parBrowse="{Boolean}false" rootPath="/" rootTitle="Websites" showTitleInTree="{Boolean}true" xtype="pathfield"/>
            <socialShareData allowBlank="{Boolean}true" baseName="item_" class="gallery-imageblock" disabled="{Boolean}false" fieldDescription="Enter all the social icon details to share" fieldLabel="Social icons" hideLabel="{Boolean}false" jcr:primaryType="cq:Widget" matchBaseName="{Boolean}false" name="./socialShareData" prefix="./" xtype="multicompositefield">
              <fieldConfigs jcr:primaryType="cq:WidgetCollection">
                <socialLink allowBlank="{Boolean}true" disabled="{Boolean}false" escapeAmp="{Boolean}false" fieldDescription="Enter the social link to share" fieldLabel="Social Link" hideLabel="{Boolean}false" hideTrigger="{Boolean}false" jcr:primaryType="cq:Widget" name="socialLink" parBrowse="{Boolean}false" rootPath="/" rootTitle="Websites" showTitleInTree="{Boolean}true" xtype="pathfield"/>
                <iconTitle allowBlank="{Boolean}true" disabled="{Boolean}false" fieldDescription="Enter the social icon title" fieldLabel="Social icon title" hideLabel="{Boolean}false" jcr:primaryType="cq:Widget" name="iconTitle" xtype="textfield"/>
                <socialIconImage allowBlank="{Boolean}true" disabled="{Boolean}false" escapeAmp="{Boolean}false" fieldDescription="Social icon image" fieldLabel="Social icon" hideLabel="{Boolean}false" hideTrigger="{Boolean}false" jcr:primaryType="cq:Widget" name="socialIconImage" parBrowse="{Boolean}false" rootPath="/" rootTitle="Websites" showTitleInTree="{Boolean}true" xtype="pathfield"/>
              </fieldConfigs>
            </socialShareData>
          </items>
        </Videocomponent>
      </items>
    </tabs>
  </items>
</jcr:root>
