<?xml version="1.0" encoding="UTF-8" standalone="no"?>
<jcr:root fileName="_cq_dialog.xml" xmlns:jcr="http://www.jcp.org/jcr/1.0" jcr:primaryType="nt:unstructured" jcr:title="Watch Season" mode="edit" xmlns:sling="http://sling.apache.org/jcr/sling/1.0" sling:resourceType="cq/gui/components/authoring/dialog">
  <content jcr:primaryType="nt:unstructured" sling:resourceType="granite/ui/components/foundation/container">
    <layout jcr:primaryType="nt:unstructured" sling:resourceType="granite/ui/components/foundation/layouts/tabs"/>
    <items jcr:primaryType="nt:unstructured">
      <WatchSeason xmlns:cq="http://www.day.com/jcr/cq/1.0" cq:hideOnEdit="{Boolean}false" cq:showOnCreate="{Boolean}false" jcr:primaryType="nt:unstructured" jcr:title="Watch Season" sling:resourceType="granite/ui/components/foundation/section">
        <layout jcr:primaryType="nt:unstructured" sling:resourceType="granite/ui/components/foundation/layouts/fixedcolumns"/>
        <items jcr:primaryType="nt:unstructured">
          <column jcr:primaryType="nt:unstructured" sling:resourceType="granite/ui/components/foundation/container">
            <items jcr:primaryType="nt:unstructured">
              <galleryTitle cq:hideOnEdit="{Boolean}false" cq:showOnCreate="{Boolean}true" disabled="{Boolean}false" fieldLabel="Gallery title" jcr:primaryType="nt:unstructured" name="./galleryTitle" renderReadOnly="{Boolean}true" required="{Boolean}false" sling:resourceType="granite/ui/components/foundation/form/textfield"/>
              <title cq:hideOnEdit="{Boolean}false" cq:showOnCreate="{Boolean}true" disabled="{Boolean}false" fieldLabel="Title" jcr:primaryType="nt:unstructured" name="./title" renderReadOnly="{Boolean}true" required="{Boolean}false" sling:resourceType="granite/ui/components/foundation/form/textfield"/>
              <galleryData allowReorder="{Boolean}true" baseName="item_" cq:hideOnEdit="{Boolean}false" cq:showOnCreate="{Boolean}true" disabled="{Boolean}false" fieldLabel="Gallery section data" jcr:primaryType="nt:unstructured" limit="0" matchBaseName="{Boolean}false" name="./galleryData" renderReadOnly="{Boolean}true" required="{Boolean}false" sling:resourceType="multicomposite/granite/multicomposite">
                <fields jcr:primaryType="nt:unstructured">
                  <imgPath cq:hideOnEdit="{Boolean}false" cq:showOnCreate="{Boolean}true" disabled="{Boolean}false" fieldLabel="Episode Image" jcr:primaryType="nt:unstructured" name="imgPath" renderReadOnly="{Boolean}true" required="{Boolean}false" rootPath="/content/dam" sling:resourceType="granite/ui/components/foundation/form/pathbrowser"/>
                  <episodeLink cq:hideOnEdit="{Boolean}false" cq:showOnCreate="{Boolean}true" disabled="{Boolean}false" fieldLabel="Episode link" jcr:primaryType="nt:unstructured" name="episodeLink" renderReadOnly="{Boolean}true" required="{Boolean}false" rootPath="/content/" sling:resourceType="granite/ui/components/foundation/form/pathbrowser"/>
                  <episodeDescription cq:hideOnEdit="{Boolean}false" cq:showOnCreate="{Boolean}true" disabled="{Boolean}false" fieldLabel="Episode description" jcr:primaryType="nt:unstructured" name="episodeDescription" renderReadOnly="{Boolean}true" required="{Boolean}false" resize="none" rows="5" sling:resourceType="granite/ui/components/foundation/form/textarea"/>
                </fields>
              </galleryData>
            </items>
          </column>
        </items>
      </WatchSeason>
    </items>
  </content>
</jcr:root>
