<?xml version="1.0" encoding="UTF-8" standalone="no"?>
<jcr:root activeTab="0" allowBlank="{Boolean}false" disabled="{Boolean}false" fileName="dialog.xml" hideLabel="{Boolean}false" xmlns:jcr="http://www.jcp.org/jcr/1.0" jcr:primaryType="cq:Dialog" title="StyleGuide" xtype="dialog">
  <items jcr:primaryType="cq:WidgetCollection">
    <tabs jcr:primaryType="cq:TabPanel">
      <items jcr:primaryType="cq:WidgetCollection">
        <StyleGuide jcr:primaryType="cq:Widget" title="StyleGuide">
          <items jcr:primaryType="cq:WidgetCollection">
            <title allowBlank="{Boolean}true" disabled="{Boolean}false" fieldLabel="Title" hideLabel="{Boolean}false" jcr:primaryType="cq:Widget" name="./title" xtype="textfield"/>
            <styleGuideData allowBlank="{Boolean}true" baseName="item_" disabled="{Boolean}false" fieldLabel="Style Guide details" hideLabel="{Boolean}false" jcr:primaryType="cq:Widget" matchBaseName="{Boolean}false" name="./styleGuideData" prefix="./" xtype="multicompositefield">
              <fieldConfigs jcr:primaryType="cq:WidgetCollection">
                <subTitle allowBlank="{Boolean}true" disabled="{Boolean}false" fieldLabel="SubTitle text" hideLabel="{Boolean}false" jcr:primaryType="cq:Widget" name="subTitle" xtype="textfield"/>
                <description allowBlank="{Boolean}true" disabled="{Boolean}false" fieldLabel="Description" hideLabel="{Boolean}false" jcr:primaryType="cq:Widget" name="description" xtype="textarea"/>
              </fieldConfigs>
            </styleGuideData>
          </items>
        </StyleGuide>
      </items>
    </tabs>
  </items>
</jcr:root>
