<?xml version="1.0" encoding="UTF-8" standalone="no"?>
<jcr:root activeTab="0" allowBlank="{Boolean}false" disabled="{Boolean}false" fileName="dialog.xml" hideLabel="{Boolean}false" xmlns:jcr="http://www.jcp.org/jcr/1.0" jcr:primaryType="cq:Dialog" title="Gallery component" xtype="dialog">
  <items jcr:primaryType="cq:WidgetCollection">
    <tabs jcr:primaryType="cq:TabPanel">
      <items jcr:primaryType="cq:WidgetCollection">
        <Gallerycomponent jcr:primaryType="cq:Widget" title="Gallery component">
          <items jcr:primaryType="cq:WidgetCollection">
            <galleryTitle allowBlank="{Boolean}true" disabled="{Boolean}false" fieldDescription="Enter the gallery title" fieldLabel="Gallery title" hideLabel="{Boolean}false" jcr:primaryType="cq:Widget" name="./galleryTitle" xtype="textfield"/>
            <galleryList addItemLabel="Add Item" allowBlank="{Boolean}true" disabled="{Boolean}false" fieldDescription="Select the gallery images to display" fieldLabel="Gallery image" hideLabel="{Boolean}false" jcr:primaryType="cq:Widget" name="./galleryList" orderable="{Boolean}true" xtype="multifield">
              <fieldConfig allowBlank="{Boolean}true" disabled="{Boolean}false" escapeAmp="{Boolean}false" fieldDescription="Select the gallery images to display" fieldLabel="Gallery image" hideLabel="{Boolean}false" hideTrigger="{Boolean}false" jcr:primaryType="cq:Widget" name="galleryList" parBrowse="{Boolean}false" rootPath="/" rootTitle="Websites" showTitleInTree="{Boolean}true" xtype="pathfield"/>
            </galleryList>
          </items>
        </Gallerycomponent>
      </items>
    </tabs>
  </items>
</jcr:root>
