<?xml version="1.0" encoding="UTF-8" standalone="no"?>
<jcr:root activeTab="0" allowBlank="{Boolean}false" disabled="{Boolean}false" fileName="dialog.xml" hideLabel="{Boolean}false" xmlns:jcr="http://www.jcp.org/jcr/1.0" jcr:primaryType="cq:Dialog" title="WalkAround" xtype="dialog">
  <items jcr:primaryType="cq:WidgetCollection">
    <tabs jcr:primaryType="cq:TabPanel">
      <items jcr:primaryType="cq:WidgetCollection">
        <WalkAround jcr:primaryType="cq:Widget" title="WalkAround">
          <items jcr:primaryType="cq:WidgetCollection">
            <title allowBlank="{Boolean}true" disabled="{Boolean}false" fieldLabel="Title" hideLabel="{Boolean}false" jcr:primaryType="cq:Widget" name="./title" xtype="textfield"/>
            <iframePath allowBlank="{Boolean}true" disabled="{Boolean}false" escapeAmp="{Boolean}false" fieldLabel="Iframe Path" hideLabel="{Boolean}false" hideTrigger="{Boolean}false" jcr:primaryType="cq:Widget" name="./iframePath" parBrowse="{Boolean}false" rootPath="/" rootTitle="Websites" showTitleInTree="{Boolean}true" xtype="pathfield"/>
            <like allowBlank="{Boolean}true" disabled="{Boolean}false" fieldLabel=" No of likes" hideLabel="{Boolean}false" jcr:primaryType="cq:Widget" name="./like" xtype="textfield"/>
            <watched allowBlank="{Boolean}true" disabled="{Boolean}false" fieldLabel="Watched Count" hideLabel="{Boolean}false" jcr:primaryType="cq:Widget" name="./watched" xtype="textfield"/>
            <shared allowBlank="{Boolean}true" disabled="{Boolean}false" fieldLabel="Shared Count" hideLabel="{Boolean}false" jcr:primaryType="cq:Widget" name="./shared" xtype="textfield"/>
          </items>
        </WalkAround>
      </items>
    </tabs>
  </items>
</jcr:root>
