<?xml version="1.0" encoding="UTF-8" standalone="no"?>
<jcr:root activeTab="0" allowBlank="{Boolean}false" disabled="{Boolean}false" fileName="dialog.xml" hideLabel="{Boolean}false" xmlns:jcr="http://www.jcp.org/jcr/1.0" jcr:primaryType="cq:Dialog" title="carousel" xtype="dialog">
  <items jcr:primaryType="cq:WidgetCollection">
    <tabs jcr:primaryType="cq:TabPanel">
      <items jcr:primaryType="cq:WidgetCollection">
        <carousel jcr:primaryType="cq:Widget" title="carousel">
          <items jcr:primaryType="cq:WidgetCollection">
            <title allowBlank="{Boolean}true" disabled="{Boolean}false" fieldLabel="Title" hideLabel="{Boolean}false" jcr:primaryType="cq:Widget" name="./title" xtype="textfield"/>
            <testimonialData allowBlank="{Boolean}true" baseName="item_" disabled="{Boolean}false" fieldLabel="Testimonial data" hideLabel="{Boolean}false" jcr:primaryType="cq:Widget" matchBaseName="{Boolean}false" name="./testimonialData" prefix="./" xtype="multicompositefield">
              <fieldConfigs jcr:primaryType="cq:WidgetCollection">
                <description allowBlank="{Boolean}true" disabled="{Boolean}false" fieldLabel="Testimonial text" hideLabel="{Boolean}false" jcr:primaryType="cq:Widget" name="description" xtype="textarea"/>
                <btntext allowBlank="{Boolean}true" disabled="{Boolean}false" fieldLabel="Testimonial button text" hideLabel="{Boolean}false" jcr:primaryType="cq:Widget" name="btntext" xtype="textfield"/>
              </fieldConfigs>
            </testimonialData>
          </items>
        </carousel>
      </items>
    </tabs>
  </items>
</jcr:root>
